database,level,trials,k,bins_per_table,dpf_n,body_bytes,result_size_bytes,key_size_bytes,upload_per_server_bytes,download_per_server_bytes,verified_queries,verification_failures,median_keygen_s,median_server_parallel_s,p95_server_parallel_s,median_client_verify_s,median_total_parallel_s,p95_total_parallel_s
full_948454,index,30,75,567558,20,2213476200,52,355,53250,7800,4500,0,0.002027,0.095845,0.151099,0.000049,0.097993,0.153197
full_948454,chunk,30,80,1066928,21,11266759680,132,371,59360,21120,4800,0,0.002367,0.217513,0.436837,0.000074,0.219910,0.443561
delta_940611_948454,index,30,75,53287,16,207819300,52,290,43500,7800,4500,0,0.001425,0.007525,0.008874,0.000038,0.009006,0.010360
delta_940611_948454,chunk,30,80,112344,17,1186352640,132,307,49120,21120,4800,0,0.001666,0.020921,0.023017,0.000067,0.022667,0.024772
delta_940611_944000,index,30,75,30515,15,119008500,52,274,41100,7800,4500,0,0.001282,0.004046,0.005541,0.000035,0.005385,0.006830
delta_940611_944000,chunk,30,80,59545,16,628795200,132,290,46400,21120,4800,0,0.001548,0.011112,0.012128,0.000065,0.012766,0.013706
