database,level,trials,k,bins_per_table,dpf_n,body_bytes,result_size_bytes,key_size_bytes,upload_per_server_bytes,download_per_server_bytes,verified_queries,verification_failures,median_keygen_s,median_server_parallel_s,p95_server_parallel_s,median_client_verify_s,median_total_parallel_s,p95_total_parallel_s
full_948454,index,5,75,567558,20,2213476200,52,355,53250,7800,750,0,0.006962,0.511173,0.637979,0.000055,0.522004,0.642912
full_948454,chunk,5,80,1066928,21,11266759680,132,371,59360,21120,800,0,0.006978,0.494024,0.642112,0.000135,0.502190,0.646448
delta_940611_948454,index,5,75,53287,16,207819300,52,290,43500,7800,750,0,0.004511,0.022776,0.036200,0.000050,0.033529,0.047146
delta_940611_948454,chunk,5,80,112344,17,1186352640,132,307,49120,21120,800,0,0.002919,0.038167,0.071182,0.000069,0.043353,0.083539
delta_940611_944000,index,5,75,30515,15,119008500,52,274,41100,7800,750,0,0.005267,0.017456,0.019239,0.000038,0.022695,0.025116
delta_940611_944000,chunk,5,80,59545,16,628795200,132,290,46400,21120,800,0,0.005555,0.024432,0.035368,0.000067,0.031202,0.039363
