database,level,trials,k,bins_per_table,arity,sibling_levels,tree_top_bytes,sibling_bytes_total,upload_per_server_bytes,download_per_server_bytes,verified_groups,verification_failures,median_keygen_s,median_server_parallel_s,p95_server_parallel_s,median_client_verify_s,p95_client_verify_s,median_total_parallel_s,p95_total_parallel_s
full_948454,index,30,75,567558,8,3,9155384,1553721696,58125,57600,2250,0,0.001677,0.009374,0.032966,0.001094,0.002636,0.012201,0.038829
full_948454,chunk,30,80,1066928,8,3,9155384,3115438176,65840,61440,2400,0,0.002002,0.017929,0.020071,0.001419,0.001543,0.021314,0.023605
delta_940611_948454,index,30,75,53287,8,1,23426084,127891232,18150,19200,2250,0,0.000470,0.001083,0.001214,0.000891,0.000983,0.002445,0.002638
delta_940611_948454,chunk,30,80,112344,8,2,23426084,323563584,37440,40960,2400,0,0.000930,0.002400,0.002628,0.000990,0.001047,0.004347,0.004615
delta_940611_944000,index,30,75,30515,8,1,32256664,73248032,16950,19200,2250,0,0.000403,0.000832,0.001236,0.000753,0.000812,0.002001,0.002499
delta_940611_944000,chunk,30,80,59545,8,1,32256664,152453152,19360,20480,2400,0,0.000516,0.001223,0.001360,0.000961,0.001036,0.002687,0.002907
