database,level,trials,bytes,median_elapsed_s,p95_elapsed_s,median_throughput_gib_s,p05_throughput_gib_s
full_948454,index,30,2213476236,0.212839,0.255714,9.686,8.071
full_948454,chunk,30,11266759716,1.090621,1.672511,9.621,6.281
delta_940611_948454,index,30,207819372,0.020425,0.021589,9.476,8.965
delta_940611_948454,chunk,30,1186352712,0.113365,0.199385,9.746,5.541
delta_940611_944000,index,30,119008500,0.017672,0.029527,6.272,3.770
delta_940611_944000,chunk,30,628795200,0.088538,0.116008,6.615,5.052
